response-time,DNS+dialup,DNS,Request-write,Response-delay,Response-read,status-code,offset
25.1515,0.2678,0.2666,0.0002,24.8831,0.0002,200,0.0007
23.6088,0.0000,0.0000,0.0001,23.6085,0.0002,200,25.1522
23.6837,0.0000,0.0000,0.0001,23.6835,0.0001,200,48.7610
23.7686,0.0000,0.0000,0.0000,23.7684,0.0001,200,72.4447
21.8381,0.0000,0.0000,0.0002,21.8377,0.0001,200,96.2132
23.5575,0.0000,0.0000,0.0001,23.5572,0.0002,200,118.0513
21.7747,0.0000,0.0000,0.0001,21.7742,0.0001,200,141.6088
23.8131,0.0000,0.0000,0.0000,23.8129,0.0001,200,163.3835
23.6534,0.0000,0.0000,0.0000,23.6532,0.0001,200,187.1966
21.8236,0.0000,0.0000,0.0002,21.8229,0.0005,200,210.8501
23.6023,0.0000,0.0000,0.0001,23.6020,0.0001,200,232.6737
23.5902,0.0000,0.0000,0.0001,23.5901,0.0001,200,256.2761
23.5876,0.0000,0.0000,0.0001,23.5874,0.0001,200,279.8663
21.7347,0.0000,0.0000,0.0000,21.7345,0.0001,200,303.4539
21.6903,0.0000,0.0000,0.0001,21.6901,0.0001,200,325.1886
21.7571,0.0000,0.0000,0.0000,21.7569,0.0001,200,346.8789
21.7685,0.0000,0.0000,0.0002,21.7681,0.0001,200,368.6360
23.7884,0.0000,0.0000,0.0001,23.7882,0.0001,200,390.4045
23.6512,0.0000,0.0000,0.0001,23.6510,0.0001,200,414.1929
23.7083,0.0000,0.0000,0.0002,23.7079,0.0001,200,437.8441
23.6873,0.0000,0.0000,0.0001,23.6871,0.0001,200,461.5524
23.6739,0.0000,0.0000,0.0001,23.6735,0.0003,200,485.2398
23.5994,0.0000,0.0000,0.0001,23.5989,0.0001,200,508.9137
21.9557,0.0000,0.0000,0.0001,21.9555,0.0001,200,532.5131
23.7891,0.0000,0.0000,0.0000,23.7889,0.0001,200,554.4688
21.8563,0.0000,0.0000,0.0002,21.8560,0.0001,200,578.2579
23.6054,0.0000,0.0000,0.0001,23.6052,0.0001,200,600.1142
23.6364,0.0000,0.0000,0.0000,23.6362,0.0001,200,623.7196
23.6652,0.0000,0.0000,0.0001,23.6649,0.0001,200,647.3561
23.6077,0.0000,0.0000,0.0001,23.6075,0.0001,200,671.0213
23.7967,0.0000,0.0000,0.0001,23.7964,0.0001,200,694.6290
21.7592,0.0000,0.0000,0.0001,21.7590,0.0001,200,718.4257
21.8831,0.0000,0.0000,0.0001,21.8829,0.0001,200,740.1850
23.6307,0.0000,0.0000,0.0001,23.6305,0.0001,200,762.0681
23.5975,0.0000,0.0000,0.0000,23.5973,0.0001,200,785.6988
21.6664,0.0000,0.0000,0.0001,21.6661,0.0002,200,809.2964
23.7439,0.0000,0.0000,0.0001,23.7438,0.0000,200,830.9628
23.6830,0.0000,0.0000,0.0000,23.6829,0.0001,200,854.7067
23.7744,0.0000,0.0000,0.0002,23.7741,0.0002,200,878.3898
23.6479,0.0000,0.0000,0.0001,23.6477,0.0001,200,902.1642
21.7951,0.0000,0.0000,0.0001,21.7948,0.0002,200,925.8121
23.5330,0.0000,0.0000,0.0001,23.5328,0.0001,200,947.6072
21.8124,0.0000,0.0000,0.0001,21.8121,0.0001,200,971.1403
23.6012,0.0000,0.0000,0.0000,23.6010,0.0001,200,992.9527
21.7319,0.0000,0.0000,0.0001,21.7317,0.0001,200,1016.5539
23.5693,0.0000,0.0000,0.0000,23.5691,0.0001,200,1038.2858
23.6384,0.0000,0.0000,0.0000,23.6382,0.0001,200,1061.8551
23.9294,0.0000,0.0000,0.0000,23.9291,0.0002,200,1085.4935
23.7140,0.0000,0.0000,0.0001,23.7137,0.0001,200,1109.4229
23.6026,0.0000,0.0000,0.0001,23.6023,0.0001,200,1133.1369
23.6042,0.0000,0.0000,0.0000,23.6040,0.0001,200,1156.7395
21.8206,0.0000,0.0000,0.0001,21.8205,0.0001,200,1180.3437
23.5835,0.0000,0.0000,0.0001,23.5832,0.0001,200,1202.1645
23.7784,0.0000,0.0000,0.0000,23.7782,0.0001,200,1225.7479
23.8939,0.0000,0.0000,0.0000,23.8937,0.0001,200,1249.5263
23.6328,0.0000,0.0000,0.0001,23.6324,0.0001,200,1273.4202
21.8110,0.0000,0.0000,0.0001,21.8108,0.0002,200,1297.0530
23.6465,0.0000,0.0000,0.0001,23.6463,0.0001,200,1318.8640
21.8665,0.0000,0.0000,0.0001,21.8663,0.0001,200,1342.5105
23.4501,0.0000,0.0000,0.0001,23.4497,0.0003,200,1364.3771
23.5895,0.0000,0.0000,0.0001,23.5890,0.0001,200,1387.8272
23.7210,0.0000,0.0000,0.0001,23.7207,0.0001,200,1411.4167
23.8152,0.0000,0.0000,0.0001,23.8151,0.0000,200,1435.1377
21.7420,0.0000,0.0000,0.0000,21.7417,0.0003,200,1458.9529
23.6739,0.0000,0.0000,0.0001,23.6736,0.0001,200,1480.6949
23.7324,0.0000,0.0000,0.0000,23.7322,0.0000,200,1504.3688
23.5146,0.0000,0.0000,0.0000,23.5145,0.0001,200,1528.1012
23.9231,0.0000,0.0000,0.0002,23.9228,0.0001,200,1551.6158
23.5771,0.0000,0.0000,0.0001,23.5769,0.0001,200,1575.5389
23.4021,0.0000,0.0000,0.0001,23.4019,0.0001,200,1599.1160
23.5600,0.0000,0.0000,0.0002,23.5596,0.0001,200,1622.5182
23.7448,0.0000,0.0000,0.0000,23.7444,0.0003,200,1646.0781
23.5938,0.0000,0.0000,0.0001,23.5935,0.0001,200,1669.8229
23.6333,0.0000,0.0000,0.0001,23.6330,0.0001,200,1693.4167
23.5224,0.0000,0.0000,0.0001,23.5221,0.0003,200,1717.0500
23.8075,0.0000,0.0000,0.0001,23.8070,0.0002,200,1740.5724
23.8324,0.0000,0.0000,0.0001,23.8321,0.0001,200,1764.3799
23.5459,0.0000,0.0000,0.0001,23.5457,0.0000,200,1788.2123
23.5783,0.0000,0.0000,0.0000,23.5780,0.0002,200,1811.7582
21.7310,0.0000,0.0000,0.0001,21.7307,0.0001,200,1835.3365
23.6014,0.0000,0.0000,0.0001,23.6012,0.0001,200,1857.0676
23.6929,0.0000,0.0000,0.0002,23.6925,0.0001,200,1880.6689
21.8068,0.0000,0.0000,0.0000,21.8066,0.0001,200,1904.3618
23.6654,0.0000,0.0000,0.0000,23.6653,0.0000,200,1926.1687
23.6336,0.0000,0.0000,0.0000,23.6335,0.0001,200,1949.8341
21.8528,0.0000,0.0000,0.0000,21.8526,0.0001,200,1973.4677
23.7563,0.0000,0.0000,0.0001,23.7561,0.0001,200,1995.3205
23.6494,0.0000,0.0000,0.0000,23.6491,0.0001,200,2019.0768
23.5456,0.0000,0.0000,0.0006,23.5448,0.0001,200,2042.7262
23.7693,0.0000,0.0000,0.0001,23.7691,0.0001,200,2066.2717
23.5618,0.0000,0.0000,0.0001,23.5615,0.0002,200,2090.0410
21.7369,0.0000,0.0000,0.0001,21.7366,0.0000,200,2113.6028
23.7733,0.0000,0.0000,0.0000,23.7731,0.0001,200,2135.3398
23.7339,0.0000,0.0000,0.0000,23.7336,0.0002,200,2159.1130
23.6771,0.0000,0.0000,0.0001,23.6769,0.0001,200,2182.8469
23.5364,0.0000,0.0000,0.0000,23.5362,0.0001,200,2206.5240
21.7718,0.0000,0.0000,0.0000,21.7716,0.0001,200,2230.0604
21.8131,0.0000,0.0000,0.0001,21.8129,0.0001,200,2251.8323
23.5222,0.0000,0.0000,0.0001,23.5219,0.0001,200,2273.6454
23.7884,0.0000,0.0000,0.0001,23.7881,0.0002,200,2297.1676
21.7208,0.0000,0.0000,0.0001,21.7206,0.0001,200,2320.9560
23.6717,0.0000,0.0000,0.0001,23.6714,0.0002,200,2342.6768
23.6210,0.0000,0.0000,0.0001,23.6207,0.0002,200,2366.3485
21.6671,0.0000,0.0000,0.0001,21.6669,0.0001,200,2389.9695
23.7830,0.0000,0.0000,0.0000,23.7828,0.0001,200,2411.6366
23.5861,0.0000,0.0000,0.0000,23.5859,0.0001,200,2435.4196
21.7134,0.0000,0.0000,0.0001,21.7131,0.0002,200,2459.0057
23.7177,0.0000,0.0000,0.0001,23.7176,0.0000,200,2480.7191
23.7586,0.0000,0.0000,0.0000,23.7584,0.0002,200,2504.4368
23.6842,0.0000,0.0000,0.0000,23.6840,0.0001,200,2528.1955
23.7432,0.0000,0.0000,0.0001,23.7430,0.0001,200,2551.8797
23.7929,0.0000,0.0000,0.0001,23.7926,0.0001,200,2575.6229
21.7763,0.0000,0.0000,0.0001,21.7761,0.0001,200,2599.4158
23.6478,0.0000,0.0000,0.0001,23.6475,0.0002,200,2621.1921
23.6864,0.0000,0.0000,0.0001,23.6862,0.0001,200,2644.8400
23.6226,0.0000,0.0000,0.0000,23.6224,0.0001,200,2668.5264
23.6753,0.0000,0.0000,0.0000,23.6750,0.0001,200,2692.1490
23.6510,0.0000,0.0000,0.0001,23.6508,0.0001,200,2715.8243
21.9755,0.0000,0.0000,0.0001,21.9753,0.0001,200,2739.4753
23.6171,0.0000,0.0000,0.0000,23.6168,0.0002,200,2761.4509
21.6197,0.0000,0.0000,0.0001,21.6194,0.0001,200,2785.0679
21.7435,0.0000,0.0000,0.0001,21.7433,0.0000,200,2806.6876
21.8318,0.0000,0.0000,0.0000,21.8316,0.0001,200,2828.4311
23.6381,0.0000,0.0000,0.0001,23.6379,0.0001,200,2850.2628
23.7290,0.0000,0.0000,0.0001,23.7288,0.0002,200,2873.9010
21.7809,0.0000,0.0000,0.0000,21.7807,0.0001,200,2897.6300
23.6663,0.0000,0.0000,0.0001,23.6661,0.0001,200,2919.4109
23.6628,0.0000,0.0000,0.0000,23.6626,0.0001,200,2943.0773
23.7008,0.0000,0.0000,0.0001,23.7005,0.0002,200,2966.7401
23.5265,0.0000,0.0000,0.0000,23.5262,0.0001,200,2990.4409
23.8841,0.0000,0.0000,0.0001,23.8838,0.0002,200,3013.9674
23.7662,0.0000,0.0000,0.0001,23.7660,0.0001,200,3037.8515
21.7758,0.0000,0.0000,0.0001,21.7756,0.0001,200,3061.6177
23.7235,0.0000,0.0000,0.0001,23.7231,0.0001,200,3083.3935
23.4812,0.0000,0.0000,0.0001,23.4809,0.0001,200,3107.1170
21.7239,0.0000,0.0000,0.0001,21.7237,0.0001,200,3130.5982
21.7084,0.0000,0.0000,0.0001,21.7080,0.0002,200,3152.3221
23.5584,0.0000,0.0000,0.0001,23.5582,0.0001,200,3174.0305
23.7121,0.0000,0.0000,0.0004,23.7115,0.0001,200,3197.5889
23.5481,0.0000,0.0000,0.0001,23.5479,0.0001,200,3221.3010
23.5212,0.0000,0.0000,0.0001,23.5207,0.0002,200,3244.8491
23.7393,0.0000,0.0000,0.0001,23.7390,0.0001,200,3268.3703
23.6030,0.0000,0.0000,0.0000,23.6028,0.0001,200,3292.1096
21.6876,0.0000,0.0000,0.0001,21.6872,0.0002,200,3315.7127
23.6790,0.0000,0.0000,0.0001,23.6787,0.0001,200,3337.4003
23.8353,0.0000,0.0000,0.0001,23.8350,0.0002,200,3361.0792
21.7583,0.0000,0.0000,0.0001,21.7579,0.0001,200,3384.9146
23.6888,0.0000,0.0000,0.0000,23.6885,0.0001,200,3406.6729
21.6961,0.0000,0.0000,0.0001,21.6957,0.0003,200,3430.3616
23.6881,0.0000,0.0000,0.0001,23.6879,0.0000,200,3452.0578
23.5302,0.0000,0.0000,0.0000,23.5300,0.0001,200,3475.7458
23.6003,0.0000,0.0000,0.0000,23.6001,0.0001,200,3499.2760
23.6398,0.0000,0.0000,0.0002,23.6393,0.0002,200,3522.8763
23.7572,0.0000,0.0000,0.0001,23.7569,0.0001,200,3546.5162
21.7108,0.0000,0.0000,0.0001,21.7106,0.0001,200,3570.2734
21.7451,0.0000,0.0000,0.0001,21.7448,0.0001,200,3591.9842
21.8429,0.0000,0.0000,0.0001,21.8427,0.0001,200,3613.7293
23.7584,0.0000,0.0000,0.0001,23.7581,0.0001,200,3635.5722
23.6892,0.0000,0.0000,0.0001,23.6889,0.0002,200,3659.3306
21.6903,0.0000,0.0000,0.0001,21.6900,0.0001,200,3683.0199
23.5095,0.0000,0.0000,0.0001,23.5092,0.0001,200,3704.7101
23.5124,0.0000,0.0000,0.0001,23.5122,0.0001,200,3728.2196
23.6229,0.0000,0.0000,0.0000,23.6228,0.0000,200,3751.7320
23.5323,0.0000,0.0000,0.0000,23.5321,0.0001,200,3775.3549
21.7129,0.0000,0.0000,0.0001,21.7127,0.0001,200,3798.8872
23.5718,0.0000,0.0000,0.0001,23.5715,0.0001,200,3820.6001
23.6577,0.0000,0.0000,0.0001,23.6574,0.0001,200,3844.1719
21.6376,0.0000,0.0000,0.0001,21.6373,0.0002,200,3867.8296
21.6804,0.0000,0.0000,0.0001,21.6802,0.0001,200,3889.4673
23.6371,0.0000,0.0000,0.0001,23.6367,0.0001,200,3911.1477
23.7968,0.0000,0.0000,0.0001,23.7966,0.0001,200,3934.7848
23.5655,0.0000,0.0000,0.0001,23.5651,0.0001,200,3958.5816
23.5806,0.0000,0.0000,0.0001,23.5802,0.0001,200,3982.1471
23.6844,0.0000,0.0000,0.0001,23.6841,0.0002,200,4005.7277
23.6743,0.0000,0.0000,0.0001,23.6740,0.0001,200,4029.4121
23.4730,0.0000,0.0000,0.0001,23.4726,0.0001,200,4053.0863
21.8017,0.0000,0.0000,0.0001,21.8015,0.0001,200,4076.5593
23.5831,0.0000,0.0000,0.0001,23.5829,0.0001,200,4098.3610
23.4783,0.0000,0.0000,0.0000,23.4781,0.0002,200,4121.9442
23.5023,0.0000,0.0000,0.0002,23.5020,0.0001,200,4145.4225
21.8396,0.0000,0.0000,0.0001,21.8391,0.0003,200,4168.9248
23.5920,0.0000,0.0000,0.0001,23.5918,0.0001,200,4190.7644
21.7699,0.0000,0.0000,0.0000,21.7697,0.0001,200,4214.3564
23.4973,0.0000,0.0000,0.0001,23.4971,0.0001,200,4236.1263
21.7486,0.0000,0.0000,0.0001,21.7484,0.0001,200,4259.6237
21.9052,0.0000,0.0000,0.0001,21.9050,0.0001,200,4281.3723
23.5599,0.0000,0.0000,0.0001,23.5597,0.0001,200,4303.2775
21.7740,0.0000,0.0000,0.0001,21.7738,0.0002,200,4326.8374
23.5220,0.0000,0.0000,0.0001,23.5218,0.0001,200,4348.6114
23.6184,0.0000,0.0000,0.0001,23.6181,0.0002,200,4372.1335
23.6281,0.0000,0.0000,0.0001,23.6279,0.0001,200,4395.7519
23.5301,0.0000,0.0000,0.0000,23.5299,0.0001,200,4419.3800
23.6175,0.0000,0.0000,0.0001,23.6172,0.0001,200,4442.9101
23.7118,0.0000,0.0000,0.0001,23.7114,0.0001,200,4466.5276
23.5121,0.0000,0.0000,0.0001,23.5119,0.0001,200,4490.2393
23.5730,0.0000,0.0000,0.0000,23.5728,0.0002,200,4513.7515
23.7856,0.0000,0.0000,0.0001,23.7852,0.0003,200,4537.3245
23.8410,0.0000,0.0000,0.0001,23.8408,0.0001,200,4561.1101
23.5237,0.0000,0.0000,0.0000,23.5235,0.0001,200,4584.9512
21.6602,0.0000,0.0000,0.0001,21.6597,0.0001,200,4608.4749
21.7222,0.0000,0.0000,0.0001,21.7219,0.0002,200,4630.1351
21.6929,0.0000,0.0000,0.0001,21.6926,0.0001,200,4651.8573
23.7002,0.0000,0.0000,0.0001,23.7001,0.0000,200,4673.5502
21.7428,0.0000,0.0000,0.0000,21.7426,0.0001,200,4697.2505
23.7916,0.0000,0.0000,0.0000,23.7913,0.0001,200,4718.9932
23.7303,0.0000,0.0000,0.0001,23.7301,0.0001,200,4742.7848
23.5847,0.0000,0.0000,0.0001,23.5844,0.0002,200,4766.5151
23.8150,0.0000,0.0000,0.0001,23.8144,0.0004,200,4790.0998
23.6685,0.0000,0.0000,0.0001,23.6683,0.0001,200,4813.9148
21.8317,0.0000,0.0000,0.0001,21.8314,0.0001,200,4837.5834
23.6790,0.0000,0.0000,0.0000,23.6787,0.0001,200,4859.4150
23.7263,0.0000,0.0000,0.0001,23.7261,0.0001,200,4883.0940
23.5366,0.0000,0.0000,0.0001,23.5364,0.0001,200,4906.8203
23.6417,0.0000,0.0000,0.0001,23.6415,0.0001,200,4930.3570
23.6543,0.0000,0.0000,0.0001,23.6540,0.0001,200,4953.9987
23.6062,0.0000,0.0000,0.0001,23.6060,0.0001,200,4977.6530
23.7522,0.0000,0.0000,0.0000,23.7519,0.0001,200,5001.2592
21.8251,0.0000,0.0000,0.0001,21.8248,0.0002,200,5025.0114
23.6256,0.0000,0.0000,0.0001,23.6254,0.0001,200,5046.8365
21.6750,0.0000,0.0000,0.0000,21.6748,0.0001,200,5070.4622
23.5688,0.0000,0.0000,0.0000,23.5686,0.0002,200,5092.1372
21.7564,0.0000,0.0000,0.0001,21.7562,0.0001,200,5115.7060
21.8897,0.0000,0.0000,0.0001,21.8895,0.0001,200,5137.4625
23.5011,0.0000,0.0000,0.0001,23.5009,0.0001,200,5159.3522
23.6907,0.0000,0.0000,0.0001,23.6905,0.0001,200,5182.8533
23.6106,0.0000,0.0000,0.0001,23.6104,0.0001,200,5206.5441
23.7579,0.0000,0.0000,0.0000,23.7577,0.0001,200,5230.1547
23.5395,0.0000,0.0000,0.0000,23.5393,0.0001,200,5253.9125
23.6049,0.0000,0.0000,0.0001,23.6046,0.0002,200,5277.4521
21.7756,0.0000,0.0000,0.0001,21.7753,0.0001,200,5301.0570
23.5945,0.0000,0.0000,0.0001,23.5943,0.0001,200,5322.8326
23.5351,0.0000,0.0000,0.0001,23.5348,0.0002,200,5346.4271
23.6505,0.0000,0.0000,0.0001,23.6502,0.0001,200,5369.9622
23.5860,0.0000,0.0000,0.0001,23.5856,0.0002,200,5393.6128
23.7562,0.0000,0.0000,0.0001,23.7560,0.0001,200,5417.1987
23.7253,0.0000,0.0000,0.0001,23.7250,0.0001,200,5440.9549
21.6040,0.0000,0.0000,0.0001,21.6038,0.0001,200,5464.6802
23.6069,0.0000,0.0000,0.0001,23.6067,0.0001,200,5486.2843
23.6173,0.0000,0.0000,0.0001,23.6170,0.0002,200,5509.8912
23.5573,0.0000,0.0000,0.0000,23.5571,0.0001,200,5533.5085
21.8146,0.0000,0.0000,0.0001,21.8144,0.0001,200,5557.0658
22.1305,0.0000,0.0000,0.0001,22.1303,0.0001,200,5578.8804
23.6726,0.0000,0.0000,0.0001,23.6724,0.0001,200,5601.0109
23.4961,0.0000,0.0000,0.0001,23.4959,0.0001,200,5624.6835
23.7877,0.0000,0.0000,0.0000,23.7875,0.0001,200,5648.1796
23.5836,0.0000,0.0000,0.0001,23.5833,0.0001,200,5671.9673
23.6623,0.0000,0.0000,0.0001,23.6620,0.0001,200,5695.5509
21.7373,0.0000,0.0000,0.0001,21.7371,0.0001,200,5719.2132
21.7090,0.0000,0.0000,0.0001,21.7088,0.0001,200,5740.9505
23.5953,0.0000,0.0000,0.0001,23.5951,0.0001,200,5762.6596
21.7643,0.0000,0.0000,0.0001,21.7641,0.0001,200,5786.2549
23.4579,0.0000,0.0000,0.0001,23.4577,0.0001,200,5808.0192
21.6880,0.0000,0.0000,0.0000,21.6878,0.0001,200,5831.4771
23.6990,0.0000,0.0000,0.0001,23.6988,0.0001,200,5853.1651
23.5672,0.0000,0.0000,0.0001,23.5670,0.0002,200,5876.8642
23.6163,0.0000,0.0000,0.0001,23.6161,0.0001,200,5900.4314
23.6063,0.0000,0.0000,0.0001,23.6061,0.0001,200,5924.0477
23.5878,0.0000,0.0000,0.0001,23.5875,0.0001,200,5947.6541
23.7180,0.0000,0.0000,0.0001,23.7178,0.0001,200,5971.2418
23.6576,0.0000,0.0000,0.0000,23.6574,0.0001,200,5994.9599
23.6837,0.0000,0.0000,0.0000,23.6835,0.0001,200,6018.6175
23.7975,0.0000,0.0000,0.0000,23.7970,0.0004,200,6042.3012
23.6948,0.0000,0.0000,0.0001,23.6945,0.0001,200,6066.0988
21.8835,0.0000,0.0000,0.0000,21.8832,0.0002,200,6089.7936
21.6928,0.0000,0.0000,0.0000,21.6926,0.0001,200,6111.6771
23.6033,0.0000,0.0000,0.0000,23.6031,0.0001,200,6133.3699
23.5526,0.0000,0.0000,0.0001,23.5524,0.0001,200,6156.9732
23.5797,0.0000,0.0000,0.0001,23.5795,0.0001,200,6180.5259
23.5942,0.0000,0.0000,0.0001,23.5939,0.0001,200,6204.1056
21.6924,0.0000,0.0000,0.0001,21.6921,0.0001,200,6227.6998
23.6893,0.0000,0.0000,0.0000,23.6891,0.0001,200,6249.3922
21.6891,0.0000,0.0000,0.0001,21.6889,0.0001,200,6273.0815
23.8804,0.0000,0.0000,0.0001,23.8801,0.0001,200,6294.7706
23.7454,0.0000,0.0000,0.0001,23.7452,0.0001,200,6318.6510
23.6613,0.0000,0.0000,0.0001,23.6610,0.0001,200,6342.3964
21.7286,0.0000,0.0000,0.0000,21.7282,0.0003,200,6366.0577
21.7000,0.0000,0.0000,0.0001,21.6998,0.0001,200,6387.7863
21.9433,0.0000,0.0000,0.0000,21.9431,0.0002,200,6409.4863
21.7363,0.0000,0.0000,0.0003,21.7359,0.0001,200,6431.4297
22.0732,0.0000,0.0000,0.0000,22.0727,0.0004,200,6453.1660
23.8438,0.0000,0.0000,0.0001,23.8436,0.0000,200,6475.2392
21.8756,0.0000,0.0000,0.0000,21.8754,0.0002,200,6499.0829
23.5848,0.0000,0.0000,0.0001,23.5845,0.0001,200,6520.9585
21.6894,0.0000,0.0000,0.0001,21.6893,0.0000,200,6544.5433
23.6634,0.0000,0.0000,0.0000,23.6632,0.0001,200,6566.2328
23.5176,0.0000,0.0000,0.0000,23.5174,0.0001,200,6589.8962
23.7451,0.0000,0.0000,0.0001,23.7449,0.0001,200,6613.4138
21.8084,0.0000,0.0000,0.0000,21.8080,0.0003,200,6637.1589
21.9430,0.0000,0.0000,0.0001,21.9426,0.0002,200,6658.9672
23.6937,0.0000,0.0000,0.0001,23.6934,0.0002,200,6680.9103
23.5319,0.0000,0.0000,0.0001,23.5317,0.0001,200,6704.6039
23.6960,0.0000,0.0000,0.0000,23.6958,0.0001,200,6728.1359
23.6864,0.0000,0.0000,0.0001,23.6862,0.0001,200,6751.8319
23.7807,0.0000,0.0000,0.0004,23.7801,0.0001,200,6775.5183
21.6972,0.0000,0.0000,0.0000,21.6969,0.0001,200,6799.2990
23.6005,0.0000,0.0000,0.0001,23.6003,0.0001,200,6820.9961
21.7467,0.0000,0.0000,0.0001,21.7464,0.0001,200,6844.5967
23.4618,0.0000,0.0000,0.0001,23.4616,0.0001,200,6866.3434
23.5993,0.0000,0.0000,0.0001,23.5990,0.0002,200,6889.8052
23.4398,0.0000,0.0000,0.0000,23.4396,0.0001,200,6913.4045
23.7209,0.0000,0.0000,0.0000,23.7207,0.0001,200,6936.8443
23.7526,0.0000,0.0000,0.0000,23.7523,0.0002,200,6960.5652
23.6990,0.0000,0.0000,0.0001,23.6988,0.0001,200,6984.3178
23.6066,0.0000,0.0000,0.0001,23.6063,0.0001,200,7008.0168
23.6686,0.0000,0.0000,0.0001,23.6683,0.0001,200,7031.6234
23.5438,0.0000,0.0000,0.0001,23.5434,0.0002,200,7055.2920
23.7088,0.0000,0.0000,0.0001,23.7086,0.0001,200,7078.8358
23.7459,0.0000,0.0000,0.0001,23.7456,0.0001,200,7102.5447
23.5639,0.0000,0.0000,0.0001,23.5636,0.0001,200,7126.2906
23.5562,0.0000,0.0000,0.0001,23.5560,0.0001,200,7149.8546
23.6133,0.0000,0.0000,0.0003,23.6129,0.0001,200,7173.4108
23.8758,0.0000,0.0000,0.0000,23.8755,0.0002,200,7197.0241
23.7663,0.0000,0.0000,0.0000,23.7661,0.0001,200,7220.8998
23.5290,0.0000,0.0000,0.0000,23.5288,0.0001,200,7244.6661
23.4970,0.0000,0.0000,0.0001,23.4968,0.0001,200,7268.1952
21.8655,0.0000,0.0000,0.0000,21.8653,0.0001,200,7291.6922
23.6421,0.0000,0.0000,0.0001,23.6419,0.0001,200,7313.5578
23.6349,0.0000,0.0000,0.0001,23.6347,0.0001,200,7337.1999
23.7767,0.0000,0.0000,0.0000,23.7765,0.0001,200,7360.8348
23.6924,0.0000,0.0000,0.0000,23.6921,0.0001,200,7384.6116
23.7117,0.0000,0.0000,0.0001,23.7114,0.0002,200,7408.3040
21.6715,0.0000,0.0000,0.0001,21.6712,0.0001,200,7432.0156
23.7140,0.0000,0.0000,0.0001,23.7138,0.0001,200,7453.6871
23.6368,0.0000,0.0000,0.0000,23.6365,0.0002,200,7477.4012
23.7835,0.0000,0.0000,0.0001,23.7833,0.0001,200,7501.0380
23.5422,0.0000,0.0000,0.0000,23.5419,0.0001,200,7524.8215
23.6906,0.0000,0.0000,0.0001,23.6903,0.0001,200,7548.3637
23.5390,0.0000,0.0000,0.0001,23.5389,0.0001,200,7572.0543
23.6832,0.0000,0.0000,0.0000,23.6830,0.0001,200,7595.5933
23.5997,0.0000,0.0000,0.0001,23.5995,0.0001,200,7619.2765
22.0107,0.0000,0.0000,0.0001,22.0105,0.0001,200,7642.8762
21.7254,0.0000,0.0000,0.0000,21.7251,0.0002,200,7664.8869
23.5619,0.0000,0.0000,0.0001,23.5617,0.0001,200,7686.6123
21.6824,0.0000,0.0000,0.0001,21.6821,0.0002,200,7710.1742
21.7534,0.0000,0.0000,0.0001,21.7532,0.0001,200,7731.8566
23.6597,0.0000,0.0000,0.0000,23.6595,0.0001,200,7753.6100
23.4182,0.0000,0.0000,0.0001,23.4179,0.0001,200,7777.2697
21.6705,0.0000,0.0000,0.0000,21.6701,0.0002,200,7800.6880
23.8017,0.0000,0.0000,0.0001,23.8013,0.0001,200,7822.3584
23.3915,0.0000,0.0000,0.0001,23.3912,0.0001,200,7846.1602
23.7195,0.0000,0.0000,0.0000,23.7193,0.0001,200,7869.5517
23.8163,0.0000,0.0000,0.0001,23.8161,0.0001,200,7893.2712
23.4815,0.0000,0.0000,0.0000,23.4813,0.0001,200,7917.0875
23.6595,0.0000,0.0000,0.0000,23.6593,0.0001,200,7940.5690
21.6893,0.0000,0.0000,0.0001,21.6891,0.0001,200,7964.2285
23.6894,0.0000,0.0000,0.0001,23.6891,0.0001,200,7985.9178
23.7071,0.0000,0.0000,0.0001,23.7068,0.0001,200,8009.6072
23.5036,0.0000,0.0000,0.0001,23.5034,0.0001,200,8033.3143
23.7827,0.0000,0.0000,0.0001,23.7825,0.0001,200,8056.8179
23.5825,0.0000,0.0000,0.0000,23.5823,0.0000,200,8080.6007
23.6668,0.0000,0.0000,0.0000,23.6666,0.0001,200,8104.1831
23.5389,0.0000,0.0000,0.0001,23.5385,0.0003,200,8127.8499
23.7307,0.0000,0.0000,0.0000,23.7304,0.0002,200,8151.3888
23.6908,0.0000,0.0000,0.0000,23.6904,0.0002,200,8175.1195
23.7897,0.0000,0.0000,0.0001,23.7894,0.0001,200,8198.8103
23.5476,0.0000,0.0000,0.0001,23.5474,0.0001,200,8222.5999
23.6923,0.0000,0.0000,0.0000,23.6921,0.0001,200,8246.1476
23.6319,0.0000,0.0000,0.0000,23.6317,0.0001,200,8269.8399
21.7071,0.0000,0.0000,0.0000,21.7067,0.0002,200,8293.4718
23.5690,0.0000,0.0000,0.0000,23.5688,0.0001,200,8315.1789
23.5734,0.0000,0.0000,0.0000,23.5732,0.0001,200,8338.7479
21.8226,0.0000,0.0000,0.0001,21.8224,0.0001,200,8362.3213
23.7103,0.0000,0.0000,0.0000,23.7100,0.0001,200,8384.1439
23.5051,0.0000,0.0000,0.0000,23.5048,0.0002,200,8407.8542
23.7283,0.0000,0.0000,0.0001,23.7280,0.0001,200,8431.3593
23.6975,0.0000,0.0000,0.0001,23.6973,0.0001,200,8455.0875
23.5398,0.0000,0.0000,0.0000,23.5396,0.0001,200,8478.7850
23.6237,0.0000,0.0000,0.0001,23.6234,0.0001,200,8502.3248
21.8430,0.0000,0.0000,0.0000,21.8428,0.0000,200,8525.9485
23.7813,0.0000,0.0000,0.0000,23.7811,0.0001,200,8547.7915
21.7069,0.0000,0.0000,0.0001,21.7067,0.0001,200,8571.5727
23.6972,0.0000,0.0000,0.0001,23.6969,0.0001,200,8593.2797
23.5691,0.0000,0.0000,0.0001,23.5688,0.0002,200,8616.9768
23.6421,0.0000,0.0000,0.0000,23.6419,0.0001,200,8640.5459
23.6172,0.0000,0.0000,0.0000,23.6170,0.0001,200,8664.1880
21.8300,0.0000,0.0000,0.0001,21.8298,0.0001,200,8687.8052
21.7989,0.0000,0.0000,0.0000,21.7987,0.0001,200,8709.6352
23.4946,0.0000,0.0000,0.0000,23.4943,0.0001,200,8731.4341
23.7276,0.0000,0.0000,0.0001,23.7273,0.0001,200,8754.9287
21.8120,0.0000,0.0000,0.0001,21.8117,0.0001,200,8778.6563
21.7533,0.0000,0.0000,0.0000,21.7531,0.0001,200,8800.4682
23.7623,0.0000,0.0000,0.0000,23.7621,0.0001,200,8822.2216
23.7057,0.0000,0.0000,0.0001,23.7055,0.0000,200,8845.9839
23.4023,0.0000,0.0000,0.0000,23.4021,0.0001,200,8869.6896
23.5099,0.0000,0.0000,0.0000,23.5096,0.0001,200,8893.0919
23.7100,0.0000,0.0000,0.0001,23.7096,0.0001,200,8916.6018
23.5021,0.0000,0.0000,0.0001,23.5018,0.0001,200,8940.3118
23.6679,0.0000,0.0000,0.0001,23.6676,0.0001,200,8963.8138
23.5463,0.0000,0.0000,0.0001,23.5461,0.0001,200,8987.4817
23.6629,0.0000,0.0000,0.0001,23.6627,0.0001,200,9011.0280
23.7276,0.0000,0.0000,0.0001,23.7273,0.0001,200,9034.6909
23.8020,0.0000,0.0000,0.0001,23.8017,0.0001,200,9058.4185
21.8463,0.0000,0.0000,0.0000,21.8459,0.0003,200,9082.2205
23.7578,0.0000,0.0000,0.0001,23.7576,0.0001,200,9104.0668
23.7397,0.0000,0.0000,0.0001,23.7394,0.0001,200,9127.8247
21.7687,0.0000,0.0000,0.0001,21.7685,0.0001,200,9151.5643
23.7032,0.0000,0.0000,0.0000,23.7030,0.0001,200,9173.3331
23.6158,0.0000,0.0000,0.0001,23.6155,0.0002,200,9197.0363
21.6843,0.0000,0.0000,0.0001,21.6840,0.0001,200,9220.6521
23.6135,0.0000,0.0000,0.0001,23.6132,0.0002,200,9242.3363
23.6075,0.0000,0.0000,0.0000,23.6073,0.0001,200,9265.9499
23.5342,0.0000,0.0000,0.0001,23.5305,0.0035,200,9289.5574
21.7182,0.0000,0.0000,0.0002,21.7178,0.0002,200,9313.0916
23.6667,0.0000,0.0000,0.0001,23.6665,0.0001,200,9334.8098
23.5892,0.0000,0.0000,0.0000,23.5890,0.0001,200,9358.4765
23.5668,0.0000,0.0000,0.0000,23.5665,0.0002,200,9382.0657
23.7477,0.0000,0.0000,0.0000,23.7475,0.0001,200,9405.6325
23.5201,0.0000,0.0000,0.0001,23.5197,0.0001,200,9429.3802
21.7252,0.0000,0.0000,0.0002,21.7240,0.0001,200,9452.9003
23.5705,0.0000,0.0000,0.0001,23.5701,0.0002,200,9474.6255
23.6757,0.0000,0.0000,0.0002,23.6753,0.0001,200,9498.1960
21.8678,0.0000,0.0000,0.0001,21.8676,0.0002,200,9521.8717
23.5293,0.0000,0.0000,0.0001,23.5290,0.0001,200,9543.7395
21.8187,0.0000,0.0000,0.0001,21.8185,0.0001,200,9567.2689
23.7434,0.0000,0.0000,0.0001,23.7427,0.0002,200,9589.0875
23.3610,0.0000,0.0000,0.0001,23.3607,0.0002,200,9612.8309
21.8685,0.0000,0.0000,0.0001,21.8683,0.0001,200,9636.1919
23.7934,0.0000,0.0000,0.0001,23.7931,0.0002,200,9658.0605
23.7872,0.0000,0.0000,0.0001,23.7869,0.0001,200,9681.8539
21.7697,0.0000,0.0000,0.0000,21.7692,0.0004,200,9705.6410
23.5890,0.0000,0.0000,0.0001,23.5886,0.0002,200,9727.4107
23.5077,0.0000,0.0000,0.0002,23.5073,0.0002,200,9750.9997
23.6022,0.0000,0.0000,0.0001,23.6018,0.0002,200,9774.5074
23.6227,0.0000,0.0000,0.0001,23.6224,0.0001,200,9798.1095
23.8498,0.0000,0.0000,0.0001,23.8495,0.0002,200,9821.7322
21.7805,0.0000,0.0000,0.0001,21.7787,0.0017,200,9845.5820
21.7297,0.0000,0.0000,0.0005,21.7285,0.0002,200,9867.3626
23.6107,0.0000,0.0000,0.0001,23.6104,0.0002,200,9889.0922
23.6400,0.0000,0.0000,0.0001,23.6398,0.0002,200,9912.7030
21.7056,0.0000,0.0000,0.0001,21.7053,0.0001,200,9936.3430
23.5635,0.0000,0.0000,0.0001,23.5631,0.0002,200,9958.0486
23.4772,0.0000,0.0000,0.0001,23.4766,0.0005,200,9981.6121
21.6762,0.0000,0.0000,0.0007,21.6753,0.0001,200,10005.0895
23.6142,0.0000,0.0000,0.0001,23.6140,0.0001,200,10026.7658
23.5191,0.0000,0.0000,0.0000,23.5189,0.0001,200,10050.3800
23.6386,0.0000,0.0000,0.0001,23.6384,0.0001,200,10073.8991
23.6128,0.0000,0.0000,0.0002,23.6121,0.0004,200,10097.5377
23.7102,0.0000,0.0000,0.0003,23.7098,0.0001,200,10121.1506
23.4590,0.0000,0.0000,0.0010,23.4578,0.0001,200,10144.8608
23.6850,0.0000,0.0000,0.0001,23.6846,0.0002,200,10168.3198
23.6480,0.0000,0.0000,0.0001,23.6476,0.0002,200,10192.0048
23.7636,0.0000,0.0000,0.0001,23.7633,0.0001,200,10215.6528
23.6933,0.0000,0.0000,0.0000,23.6931,0.0001,200,10239.4164
23.6819,0.0000,0.0000,0.0001,23.6817,0.0001,200,10263.1097
23.5678,0.0000,0.0000,0.0003,23.5663,0.0002,200,10286.7916
23.7160,0.0000,0.0000,0.0001,23.7158,0.0001,200,10310.3595
23.5361,0.0000,0.0000,0.0001,23.5357,0.0002,200,10334.0755
21.8688,0.0000,0.0000,0.0001,21.8685,0.0003,200,10357.6116
23.6168,0.0000,0.0000,0.0002,23.6162,0.0001,200,10379.4804
23.5933,0.0000,0.0000,0.0001,23.5931,0.0001,200,10403.0972
23.5562,0.0000,0.0000,0.0017,23.5543,0.0002,200,10426.6906
23.4952,0.0000,0.0000,0.0001,23.4948,0.0001,200,10450.2468
21.7262,0.0000,0.0000,0.0001,21.7257,0.0002,200,10473.7420
23.5844,0.0000,0.0000,0.0001,23.5842,0.0001,200,10495.4682
21.6853,0.0000,0.0000,0.0001,21.6851,0.0001,200,10519.0526
23.5297,0.0000,0.0000,0.0001,23.5290,0.0006,200,10540.7379
23.6028,0.0000,0.0000,0.0007,23.6018,0.0002,200,10564.2677
23.6627,0.0000,0.0000,0.0001,23.6624,0.0002,200,10587.8705
21.7493,0.0000,0.0000,0.0001,21.7491,0.0002,200,10611.5332
23.7188,0.0000,0.0000,0.0002,23.7184,0.0001,200,10633.2826
23.6699,0.0000,0.0000,0.0000,23.6697,0.0001,200,10657.0014
23.5941,0.0000,0.0000,0.0000,23.5939,0.0002,200,10680.6712
23.7111,0.0000,0.0000,0.0001,23.7105,0.0001,200,10704.2654
23.6825,0.0000,0.0000,0.0001,23.6822,0.0002,200,10727.9765
23.6991,0.0000,0.0000,0.0001,23.6989,0.0002,200,10751.6590
23.5550,0.0000,0.0000,0.0001,23.5548,0.0001,200,10775.3582
21.7554,0.0000,0.0000,0.0000,21.7552,0.0001,200,10798.9132
23.6648,0.0000,0.0000,0.0001,23.6637,0.0010,200,10820.6686
21.7797,0.0000,0.0000,0.0004,21.7790,0.0001,200,10844.3335
23.7356,0.0000,0.0000,0.0001,23.7353,0.0001,200,10866.1133
21.7530,0.0000,0.0000,0.0001,21.7524,0.0003,200,10889.8488
23.8466,0.0000,0.0000,0.0001,23.8464,0.0001,200,10911.6018
23.5518,0.0000,0.0000,0.0001,23.5515,0.0001,200,10935.4485
23.6430,0.0000,0.0000,0.0000,23.6426,0.0003,200,10959.0002
23.6220,0.0000,0.0000,0.0001,23.6209,0.0001,200,10982.6432
23.5964,0.0000,0.0000,0.0001,23.5962,0.0001,200,11006.2652
23.5981,0.0000,0.0000,0.0000,23.5980,0.0001,200,11029.8616
21.7005,0.0000,0.0000,0.0001,21.7000,0.0004,200,11053.4597
23.5860,0.0000,0.0000,0.0001,23.5857,0.0002,200,11075.1602
23.7035,0.0000,0.0000,0.0001,23.7032,0.0001,200,11098.7462
21.7311,0.0000,0.0000,0.0001,21.7309,0.0002,200,11122.4497
23.6035,0.0000,0.0000,0.0001,23.6032,0.0002,200,11144.1808
23.7176,0.0000,0.0000,0.0001,23.7174,0.0001,200,11167.7843
23.3798,0.0000,0.0000,0.0001,23.3794,0.0003,200,11191.5019
23.5661,0.0000,0.0000,0.0001,23.5659,0.0001,200,11214.8818
21.6350,0.0000,0.0000,0.0001,21.6348,0.0001,200,11238.4479
23.6139,0.0000,0.0000,0.0004,23.6125,0.0003,200,11260.0829
21.8019,0.0000,0.0000,0.0001,21.8016,0.0002,200,11283.6969
23.5836,0.0000,0.0000,0.0000,23.5833,0.0002,200,11305.4988
23.7055,0.0000,0.0000,0.0001,23.7053,0.0001,200,11329.0824
23.6965,0.0000,0.0000,0.0001,23.6962,0.0002,200,11352.7880
23.5949,0.0000,0.0000,0.0001,23.5946,0.0001,200,11376.4845
23.5186,0.0000,0.0000,0.0001,23.5175,0.0002,200,11400.0794
23.5525,0.0000,0.0000,0.0001,23.5522,0.0002,200,11423.5979
23.7783,0.0000,0.0000,0.0003,23.7777,0.0001,200,11447.1504
23.4912,0.0000,0.0000,0.0001,23.4910,0.0002,200,11470.9287
21.7095,0.0000,0.0000,0.0001,21.7093,0.0001,200,11494.4199
23.6979,0.0000,0.0000,0.0000,23.6976,0.0001,200,11516.1295
21.7288,0.0000,0.0000,0.0036,21.7250,0.0002,200,11539.8273
23.6037,0.0000,0.0000,0.0001,23.6033,0.0002,200,11561.5562
23.6262,0.0000,0.0000,0.0001,23.6259,0.0002,200,11585.1598
23.5396,0.0000,0.0000,0.0001,23.5394,0.0001,200,11608.7861
23.6095,0.0000,0.0000,0.0000,23.6093,0.0001,200,11632.3257
21.7008,0.0000,0.0000,0.0000,21.7006,0.0001,200,11655.9352
23.4950,0.0000,0.0000,0.0001,23.4948,0.0001,200,11677.6360
23.6947,0.0000,0.0000,0.0001,23.6945,0.0001,200,11701.1310
23.7240,0.0000,0.0000,0.0002,23.7235,0.0003,200,11724.8257
23.4566,0.0000,0.0000,0.0001,23.4563,0.0001,200,11748.5498
23.7457,0.0000,0.0000,0.0001,23.7454,0.0001,200,11772.0063
21.9341,0.0000,0.0000,0.0000,21.9339,0.0001,200,11795.7520
23.7153,0.0000,0.0000,0.0001,23.7151,0.0001,200,11817.6861
23.7985,0.0000,0.0000,0.0001,23.7982,0.0002,200,11841.4015
23.4266,0.0000,0.0000,0.0001,23.4264,0.0001,200,11865.2000
23.6150,0.0000,0.0000,0.0000,23.6148,0.0001,200,11888.6266
23.5275,0.0000,0.0000,0.0001,23.5273,0.0001,200,11912.2416
21.6912,0.0000,0.0000,0.0001,21.6910,0.0001,200,11935.7691
21.8667,0.0000,0.0000,0.0000,21.8666,0.0001,200,11957.4603
23.6141,0.0000,0.0000,0.0000,23.6139,0.0001,200,11979.3270
22.0072,0.0000,0.0000,0.0001,22.0069,0.0001,200,12002.9411
21.9721,0.0000,0.0000,0.0001,21.9717,0.0002,200,12024.9483
23.6943,0.0000,0.0000,0.0001,23.6941,0.0001,200,12046.9203
23.6734,0.0000,0.0000,0.0001,23.6732,0.0001,200,12070.6147
23.7381,0.0000,0.0000,0.0001,23.7378,0.0001,200,12094.2880
23.6412,0.0000,0.0000,0.0001,23.6409,0.0002,200,12118.0261
23.6932,0.0000,0.0000,0.0001,23.6929,0.0002,200,12141.6673
23.5034,0.0000,0.0000,0.0001,23.5031,0.0002,200,12165.3604
23.7671,0.0000,0.0000,0.0001,23.7668,0.0001,200,12188.8638
23.5331,0.0000,0.0000,0.0000,23.5329,0.0001,200,12212.6309
23.8932,0.0000,0.0000,0.0000,23.8930,0.0001,200,12236.1640
23.9304,0.0000,0.0000,0.0001,23.9301,0.0002,200,12260.0573
27.5087,0.0000,0.0000,0.0001,27.5084,0.0001,200,12283.9877
25.6034,0.0000,0.0000,0.0001,25.6031,0.0001,200,12311.4965
21.8481,0.0000,0.0000,0.0001,21.8478,0.0001,200,12337.0999
23.8057,0.0000,0.0000,0.0000,23.8054,0.0002,200,12358.9480
21.7698,0.0000,0.0000,0.0001,21.7695,0.0002,200,12382.7537
23.7655,0.0000,0.0000,0.0001,23.7653,0.0001,200,12404.5236
23.4698,0.0000,0.0000,0.0000,23.4694,0.0003,200,12428.2891
23.6211,0.0000,0.0000,0.0001,23.6209,0.0001,200,12451.7589
23.7033,0.0000,0.0000,0.0001,23.7025,0.0007,200,12475.3800
23.6960,0.0000,0.0000,0.0005,23.6953,0.0001,200,12499.0836
23.6224,0.0000,0.0000,0.0000,23.6221,0.0001,200,12522.7796
21.6465,0.0000,0.0000,0.0001,21.6462,0.0001,200,12546.4020
23.7390,0.0000,0.0000,0.0000,23.7387,0.0002,200,12568.0485
23.5683,0.0000,0.0000,0.0001,23.5681,0.0001,200,12591.7875
23.6984,0.0000,0.0000,0.0001,23.6982,0.0001,200,12615.3558
23.5349,0.0000,0.0000,0.0001,23.5346,0.0002,200,12639.0542
23.7931,0.0000,0.0000,0.0002,23.7927,0.0001,200,12662.5891
23.7178,0.0000,0.0000,0.0000,23.7177,0.0001,200,12686.3822
23.6553,0.0000,0.0000,0.0000,23.6552,0.0000,200,12710.1000
23.7274,0.0000,0.0000,0.0001,23.7271,0.0002,200,12733.7553
23.6603,0.0000,0.0000,0.0001,23.6600,0.0002,200,12757.4828
23.6179,0.0000,0.0000,0.0001,23.6176,0.0002,200,12781.1431
23.6869,0.0000,0.0000,0.0001,23.6866,0.0002,200,12804.7610
23.6595,0.0000,0.0000,0.0001,23.6593,0.0001,200,12828.4479
23.6959,0.0000,0.0000,0.0001,23.6956,0.0001,200,12852.1074
23.5767,0.0000,0.0000,0.0001,23.5765,0.0001,200,12875.8033
23.8244,0.0000,0.0000,0.0001,23.8236,0.0007,200,12899.3801
21.7304,0.0000,0.0000,0.0002,21.7300,0.0001,200,12923.2045
21.8006,0.0000,0.0000,0.0001,21.8003,0.0002,200,12944.9349
21.7361,0.0000,0.0000,0.0001,21.7358,0.0001,200,12966.7355
23.8945,0.0000,0.0000,0.0001,23.8943,0.0002,200,12988.4716
21.7136,0.0000,0.0000,0.0001,21.7134,0.0001,200,13012.3661
23.5778,0.0000,0.0000,0.0001,23.5776,0.0001,200,13034.0797
21.7141,0.0000,0.0000,0.0001,21.7125,0.0001,200,13057.6576
23.7123,0.0000,0.0000,0.0001,23.7120,0.0001,200,13079.3717
23.6538,0.0000,0.0000,0.0001,23.6536,0.0001,200,13103.0840
23.8097,0.0000,0.0000,0.0001,23.8095,0.0001,200,13126.7378
23.6013,0.0000,0.0000,0.0001,23.6012,0.0000,200,13150.5476
23.6923,0.0000,0.0000,0.0000,23.6921,0.0001,200,13174.1489
21.7725,0.0000,0.0000,0.0000,21.7722,0.0002,200,13197.8411
21.7072,0.0000,0.0000,0.0002,21.7067,0.0002,200,13219.6137
21.7582,0.0000,0.0000,0.0001,21.7579,0.0002,200,13241.3208
23.6852,0.0000,0.0000,0.0001,23.6850,0.0001,200,13263.0790
23.6000,0.0000,0.0000,0.0000,23.5998,0.0001,200,13286.7643
21.9114,0.0000,0.0000,0.0001,21.9112,0.0001,200,13310.3643
23.9030,0.0000,0.0000,0.0001,23.9027,0.0002,200,13332.2757
23.4264,0.0000,0.0000,0.0001,23.4259,0.0001,200,13356.1786
23.6100,0.0000,0.0000,0.0001,23.6096,0.0002,200,13379.6050
23.5503,0.0000,0.0000,0.0001,23.5500,0.0002,200,13403.2149
23.6069,0.0000,0.0000,0.0001,23.6067,0.0001,200,13426.7653
23.7105,0.0000,0.0000,0.0001,23.7087,0.0017,200,13450.3722
21.7703,0.0000,0.0000,0.0006,21.7694,0.0001,200,13474.0827
21.8454,0.0000,0.0000,0.0001,21.8451,0.0001,200,13495.8530
21.8583,0.0000,0.0000,0.0001,21.8580,0.0002,200,13517.6984
21.8732,0.0000,0.0000,0.0001,21.8729,0.0001,200,13539.5567
23.6509,0.0000,0.0000,0.0001,23.6507,0.0001,200,13561.4299
23.6106,0.0000,0.0000,0.0000,23.6103,0.0002,200,13585.0808
23.6564,0.0000,0.0000,0.0000,23.6562,0.0002,200,13608.6915
21.7356,0.0000,0.0000,0.0001,21.7351,0.0002,200,13632.3479
23.7069,0.0000,0.0000,0.0001,23.7066,0.0001,200,13654.0835
21.8085,0.0000,0.0000,0.0001,21.8082,0.0002,200,13677.7904
23.7788,0.0000,0.0000,0.0001,23.7785,0.0001,200,13699.5989
21.7639,0.0000,0.0000,0.0000,21.7637,0.0001,200,13723.3777
23.6742,0.0000,0.0000,0.0001,23.6739,0.0002,200,13745.1416
23.5947,0.0000,0.0000,0.0001,23.5943,0.0002,200,13768.8158
21.9277,0.0000,0.0000,0.0001,21.9273,0.0002,200,13792.4105
21.6740,0.0000,0.0000,0.0001,21.6738,0.0001,200,13814.3381
23.5913,0.0000,0.0000,0.0001,23.5910,0.0001,200,13836.0122
23.5876,0.0000,0.0000,0.0001,23.5874,0.0001,200,13859.6034
23.5098,0.0000,0.0000,0.0007,23.5089,0.0001,200,13883.1911
23.7356,0.0000,0.0000,0.0001,23.7353,0.0002,200,13906.7009
21.7578,0.0000,0.0000,0.0001,21.7574,0.0002,200,13930.4364
23.8225,0.0000,0.0000,0.0001,23.8220,0.0002,200,13952.1942
23.6110,0.0000,0.0000,0.0001,23.6108,0.0001,200,13976.0167
21.8363,0.0000,0.0000,0.0000,21.8361,0.0001,200,13999.6277
21.6762,0.0000,0.0000,0.0001,21.6759,0.0002,200,14021.4641
23.5799,0.0000,0.0000,0.0002,23.5794,0.0003,200,14043.1402
23.8523,0.0000,0.0000,0.0001,23.8520,0.0002,200,14066.7201
23.5806,0.0000,0.0000,0.0001,23.5803,0.0001,200,14090.5724
21.7204,0.0000,0.0000,0.0001,21.7201,0.0001,200,14114.1530
21.6955,0.0000,0.0000,0.0001,21.6953,0.0001,200,14135.8733
23.5745,0.0000,0.0000,0.0000,23.5743,0.0002,200,14157.5689
23.7096,0.0000,0.0000,0.0001,23.7093,0.0002,200,14181.1434
23.6869,0.0000,0.0000,0.0001,23.6866,0.0002,200,14204.8530
21.8050,0.0000,0.0000,0.0001,21.8048,0.0000,200,14228.5399
23.4778,0.0000,0.0000,0.0000,23.4775,0.0003,200,14250.3449
21.7141,0.0000,0.0000,0.0001,21.7139,0.0001,200,14273.8228
22.0555,0.0000,0.0000,0.0001,22.0551,0.0003,200,14295.5369
23.6187,0.0000,0.0000,0.0003,23.6182,0.0001,200,14317.5924
21.7339,0.0000,0.0000,0.0000,21.7337,0.0001,200,14341.2111
21.8378,0.0000,0.0000,0.0000,21.8375,0.0003,200,14362.9449
23.7478,0.0000,0.0000,0.0001,23.7474,0.0002,200,14384.7828
21.8168,0.0000,0.0000,0.0001,21.8164,0.0001,200,14408.5306
21.7398,0.0000,0.0000,0.0001,21.7395,0.0001,200,14430.3474
21.9751,0.0000,0.0000,0.0001,21.9748,0.0002,200,14452.0871
21.7073,0.0000,0.0000,0.0001,21.7069,0.0002,200,14474.0622
21.7826,0.0000,0.0000,0.0001,21.7822,0.0002,200,14495.7695
21.9351,0.0000,0.0000,0.0001,21.9349,0.0001,200,14517.5521
23.7378,0.0000,0.0000,0.0000,23.7376,0.0001,200,14539.4873
21.7680,0.0000,0.0000,0.0007,21.7670,0.0002,200,14563.2251
23.5472,0.0000,0.0000,0.0001,23.5469,0.0002,200,14584.9931
23.7003,0.0000,0.0000,0.0001,23.7000,0.0001,200,14608.5403
23.5071,0.0000,0.0000,0.0001,23.5068,0.0002,200,14632.2406
21.8048,0.0000,0.0000,0.0001,21.8045,0.0001,200,14655.7477
21.8761,0.0000,0.0000,0.0000,21.8751,0.0009,200,14677.5525
21.8686,0.0000,0.0000,0.0001,21.8682,0.0000,200,14699.4286
21.8486,0.0000,0.0000,0.0000,21.8485,0.0002,200,14721.2972
21.9851,0.0000,0.0000,0.0001,21.9847,0.0002,200,14743.1459
23.5581,0.0000,0.0000,0.0001,23.5577,0.0001,200,14765.1309
23.7377,0.0000,0.0000,0.0001,23.7374,0.0003,200,14788.6890
23.7175,0.0000,0.0000,0.0001,23.7173,0.0001,200,14812.4268
23.7940,0.0000,0.0000,0.0001,23.7937,0.0002,200,14836.1443
23.8474,0.0000,0.0000,0.0001,23.8470,0.0001,200,14859.9383
23.8463,0.0000,0.0000,0.0001,23.8461,0.0001,200,14883.7856
21.8029,0.0000,0.0000,0.0001,21.8026,0.0002,200,14907.6320
23.7291,0.0000,0.0000,0.0002,23.7288,0.0001,200,14929.4349
21.7052,0.0000,0.0000,0.0001,21.7050,0.0001,200,14953.1640
23.6991,0.0000,0.0000,0.0001,23.6987,0.0002,200,14974.8692
23.5773,0.0000,0.0000,0.0001,23.5769,0.0003,200,14998.5683
23.7837,0.0000,0.0000,0.0001,23.7835,0.0001,200,15022.1456
21.8767,0.0000,0.0000,0.0001,21.8765,0.0001,200,15045.9293
23.6187,0.0000,0.0000,0.0001,23.6183,0.0002,200,15067.8060
23.9077,0.0000,0.0000,0.0001,23.9075,0.0001,200,15091.4247
23.7583,0.0000,0.0000,0.0008,23.7572,0.0002,200,15115.3325
21.9109,0.0000,0.0000,0.0001,21.9106,0.0002,200,15139.0907
21.8103,0.0000,0.0000,0.0001,21.8101,0.0001,200,15161.0017
23.6205,0.0000,0.0000,0.0001,23.6202,0.0002,200,15182.8121
23.6166,0.0000,0.0000,0.0001,23.6164,0.0001,200,15206.4325
21.7390,0.0000,0.0000,0.0001,21.7387,0.0001,200,15230.0492
21.7877,0.0000,0.0000,0.0001,21.7874,0.0001,200,15251.7882
23.7650,0.0000,0.0000,0.0001,23.7647,0.0002,200,15273.5758
23.5046,0.0000,0.0000,0.0001,23.5043,0.0001,200,15297.3408
23.6888,0.0000,0.0000,0.0001,23.6885,0.0002,200,15320.8454
21.8148,0.0000,0.0000,0.0001,21.8144,0.0001,200,15344.5342
21.7186,0.0000,0.0000,0.0001,21.7183,0.0001,200,15366.3491
21.7445,0.0000,0.0000,0.0006,21.7436,0.0002,200,15388.0676
23.8096,0.0000,0.0000,0.0001,23.8093,0.0001,200,15409.8121
21.8553,0.0000,0.0000,0.0001,21.8550,0.0002,200,15433.6217
23.7401,0.0000,0.0000,0.0001,23.7399,0.0001,200,15455.4771
21.8212,0.0000,0.0000,0.0001,21.8210,0.0001,200,15479.2172
23.6367,0.0000,0.0000,0.0000,23.6360,0.0007,200,15501.0384
21.7132,0.0000,0.0000,0.0009,21.7121,0.0001,200,15524.6752
23.7980,0.0000,0.0000,0.0000,23.7978,0.0002,200,15546.3883
23.7247,0.0000,0.0000,0.0001,23.7244,0.0002,200,15570.1863
21.8684,0.0000,0.0000,0.0001,21.8682,0.0002,200,15593.9110
23.6589,0.0000,0.0000,0.0001,23.6586,0.0001,200,15615.7794
22.0699,0.0000,0.0000,0.0001,22.0687,0.0010,200,15639.4383
21.9237,0.0000,0.0000,0.0001,21.9233,0.0001,200,15661.5082
23.6418,0.0000,0.0000,0.0002,23.6411,0.0001,200,15683.4319
23.9322,0.0000,0.0000,0.0000,23.9320,0.0001,200,15707.0737
23.7411,0.0000,0.0000,0.0001,23.7409,0.0001,200,15731.0059
21.8170,0.0000,0.0000,0.0001,21.8167,0.0002,200,15754.7470
23.5133,0.0000,0.0000,0.0001,23.5130,0.0001,200,15776.5640
21.6428,0.0000,0.0000,0.0001,21.6425,0.0001,200,15800.0774
23.6286,0.0000,0.0000,0.0001,23.6282,0.0002,200,15821.7201
21.8341,0.0000,0.0000,0.0001,21.8336,0.0004,200,15845.3487
23.6969,0.0000,0.0000,0.0001,23.6967,0.0001,200,15867.1828
21.8059,0.0000,0.0000,0.0000,21.8057,0.0001,200,15890.8797
23.6914,0.0000,0.0000,0.0000,23.6912,0.0001,200,15912.6856
23.6939,0.0000,0.0000,0.0001,23.6935,0.0003,200,15936.3771
23.6067,0.0000,0.0000,0.0001,23.6063,0.0002,200,15960.0709
23.5348,0.0000,0.0000,0.0001,23.5345,0.0001,200,15983.6776
22.0161,0.0000,0.0000,0.0001,22.0159,0.0001,200,16007.2124
23.5544,0.0000,0.0000,0.0001,23.5541,0.0001,200,16029.2285
23.7709,0.0000,0.0000,0.0001,23.7707,0.0001,200,16052.7830
21.8207,0.0000,0.0000,0.0001,21.8203,0.0003,200,16076.5539
23.7555,0.0000,0.0000,0.0001,23.7552,0.0002,200,16098.3746
23.5824,0.0000,0.0000,0.0001,23.5821,0.0002,200,16122.1301
21.7469,0.0000,0.0000,0.0001,21.7467,0.0000,200,16145.7125
21.9923,0.0000,0.0000,0.0000,21.9921,0.0001,200,16167.4594
23.6733,0.0000,0.0000,0.0000,23.6731,0.0001,200,16189.4516
23.6241,0.0000,0.0000,0.0003,23.6231,0.0002,200,16213.1249
23.8309,0.0000,0.0000,0.0001,23.8306,0.0002,200,16236.7490
23.6745,0.0000,0.0000,0.0001,23.6740,0.0003,200,16260.5799
23.7977,0.0000,0.0000,0.0001,23.7974,0.0002,200,16284.2544
23.7271,0.0000,0.0000,0.0001,23.7268,0.0001,200,16308.0521
23.7714,0.0000,0.0000,0.0001,23.7709,0.0002,200,16331.7792
23.6599,0.0000,0.0000,0.0001,23.6596,0.0001,200,16355.5506
22.0495,0.0000,0.0000,0.0001,22.0491,0.0001,200,16379.2105
21.7408,0.0000,0.0000,0.0001,21.7406,0.0002,200,16401.2600
23.7915,0.0000,0.0000,0.0001,23.7913,0.0001,200,16423.0008
21.7815,0.0000,0.0000,0.0000,21.7813,0.0001,200,16446.7923
23.6916,0.0000,0.0000,0.0000,23.6914,0.0001,200,16468.5739
23.6398,0.0000,0.0000,0.0007,23.6389,0.0001,200,16492.2655
21.8450,0.0000,0.0000,0.0000,21.8448,0.0002,200,16515.9052
21.8594,0.0000,0.0000,0.0001,21.8591,0.0001,200,16537.7502
23.7902,0.0000,0.0000,0.0001,23.7900,0.0001,200,16559.6097
23.5974,0.0000,0.0000,0.0001,23.5972,0.0001,200,16583.3999
21.7496,0.0000,0.0000,0.0002,21.7492,0.0002,200,16606.9973
21.7807,0.0000,0.0000,0.0001,21.7804,0.0002,200,16628.7469
21.8101,0.0000,0.0000,0.0001,21.8098,0.0003,200,16650.5276
23.7778,0.0000,0.0000,0.0001,23.7774,0.0002,200,16672.3377
23.7476,0.0000,0.0000,0.0001,23.7473,0.0002,200,16696.1155
23.6933,0.0000,0.0000,0.0001,23.6930,0.0001,200,16719.8631
23.7364,0.0000,0.0000,0.0001,23.7361,0.0001,200,16743.5563
23.7906,0.0000,0.0000,0.0000,23.7902,0.0004,200,16767.2927
21.7171,0.0000,0.0000,0.0001,21.7168,0.0002,200,16791.0833
23.6672,0.0000,0.0000,0.0001,23.6670,0.0001,200,16812.8004
21.8248,0.0000,0.0000,0.0001,21.8245,0.0002,200,16836.4677
23.5797,0.0000,0.0000,0.0001,23.5795,0.0001,200,16858.2925
23.6973,0.0000,0.0000,0.0001,23.6971,0.0001,200,16881.8722
23.7748,0.0000,0.0000,0.0000,23.7744,0.0003,200,16905.5696
21.7076,0.0000,0.0000,0.0001,21.7072,0.0001,200,16929.3444
21.9563,0.0000,0.0000,0.0000,21.9560,0.0001,200,16951.0520
21.9523,0.0000,0.0000,0.0000,21.9520,0.0002,200,16973.0083
23.6712,0.0000,0.0000,0.0001,23.6709,0.0001,200,16994.9605
23.6122,0.0000,0.0000,0.0001,23.6120,0.0001,200,17018.6318
23.5840,0.0000,0.0000,0.0001,23.5838,0.0001,200,17042.2440
23.6304,0.0000,0.0000,0.0000,23.6301,0.0002,200,17065.8279
23.8839,0.0000,0.0000,0.0001,23.8835,0.0002,200,17089.4583
23.7398,0.0000,0.0000,0.0001,23.7394,0.0002,200,17113.3422
23.6599,0.0000,0.0000,0.0002,23.6595,0.0001,200,17137.0821
21.7990,0.0000,0.0000,0.0001,21.7988,0.0001,200,17160.7420
21.8189,0.0000,0.0000,0.0020,21.8167,0.0002,200,17182.5410
23.7710,0.0000,0.0000,0.0001,23.7706,0.0002,200,17204.3600
23.5657,0.0000,0.0000,0.0001,23.5654,0.0002,200,17228.1309
23.7604,0.0000,0.0000,0.0001,23.7602,0.0001,200,17251.6966
23.8749,0.0000,0.0000,0.0001,23.8747,0.0001,200,17275.4570
21.8921,0.0000,0.0000,0.0001,21.8918,0.0001,200,17299.3319
21.7251,0.0000,0.0000,0.0001,21.7249,0.0001,200,17321.2239
23.5987,0.0000,0.0000,0.0001,23.5984,0.0002,200,17342.9491
23.6497,0.0000,0.0000,0.0001,23.6494,0.0001,200,17366.5477
23.7569,0.0000,0.0000,0.0001,23.7565,0.0003,200,17390.1974
23.9465,0.0000,0.0000,0.0001,23.9462,0.0001,200,17413.9543
21.9179,0.0000,0.0000,0.0000,21.9176,0.0002,200,17437.9008
21.9220,0.0000,0.0000,0.0007,21.9211,0.0001,200,17459.8187
23.7899,0.0000,0.0000,0.0001,23.7894,0.0003,200,17481.7408
21.8634,0.0000,0.0000,0.0001,21.8629,0.0001,200,17505.5307
21.7240,0.0000,0.0000,0.0001,21.7237,0.0001,200,17527.3940
23.4622,0.0000,0.0000,0.0001,23.4619,0.0001,200,17549.1180
23.6542,0.0000,0.0000,0.0001,23.6539,0.0002,200,17572.5802
23.7911,0.0000,0.0000,0.0001,23.7908,0.0002,200,17596.2344
21.8114,0.0000,0.0000,0.0001,21.8111,0.0002,200,17620.0255
23.6306,0.0000,0.0000,0.0001,23.6303,0.0002,200,17641.8369
21.8362,0.0000,0.0000,0.0001,21.8357,0.0004,200,17665.4675
21.8177,0.0000,0.0000,0.0001,21.8174,0.0001,200,17687.3038
21.9626,0.0000,0.0000,0.0001,21.9623,0.0001,200,17709.1214
22.2308,0.0000,0.0000,0.0012,22.2293,0.0003,200,17731.0840
21.7164,0.0000,0.0000,0.0001,21.7161,0.0002,200,17753.3149
21.7099,0.0000,0.0000,0.0001,21.7097,0.0002,200,17775.0313
21.7679,0.0000,0.0000,0.0001,21.7677,0.0001,200,17796.7413
23.7500,0.0000,0.0000,0.0001,23.7498,0.0001,200,17818.5092
23.8032,0.0000,0.0000,0.0001,23.8030,0.0001,200,17842.2592
21.7132,0.0000,0.0000,0.0000,21.7130,0.0001,200,17866.0624
21.9607,0.0000,0.0000,0.0001,21.9604,0.0002,200,17887.7757
21.6980,0.0000,0.0000,0.0001,21.6978,0.0002,200,17909.7364
21.7964,0.0000,0.0000,0.0002,21.7959,0.0002,200,17931.4344
23.6681,0.0000,0.0000,0.0001,23.6679,0.0001,200,17953.2308
23.8425,0.0000,0.0000,0.0000,23.8414,0.0010,200,17976.8990
21.8987,0.0000,0.0000,0.0003,21.8982,0.0001,200,18000.7415
23.6988,0.0000,0.0000,0.0000,23.6986,0.0002,200,18022.6402
21.7330,0.0000,0.0000,0.0001,21.7326,0.0001,200,18046.3390
21.7301,0.0000,0.0000,0.0001,21.7298,0.0002,200,18068.0720
23.8032,0.0000,0.0000,0.0001,23.8029,0.0001,200,18089.8022
23.7194,0.0000,0.0000,0.0001,23.7192,0.0001,200,18113.6053
23.8052,0.0000,0.0000,0.0000,23.8050,0.0001,200,18137.3247
23.7384,0.0000,0.0000,0.0001,23.7381,0.0001,200,18161.1299
21.9214,0.0000,0.0000,0.0001,21.9211,0.0002,200,18184.8683
21.8356,0.0000,0.0000,0.0001,21.8354,0.0001,200,18206.7897
23.7230,0.0000,0.0000,0.0001,23.7228,0.0001,200,18228.6254
23.6033,0.0000,0.0000,0.0001,23.6031,0.0001,200,18252.3484
21.6680,0.0000,0.0000,0.0001,21.6677,0.0002,200,18275.9518
21.7246,0.0000,0.0000,0.0001,21.7243,0.0001,200,18297.6198
23.8035,0.0000,0.0000,0.0001,23.8033,0.0001,200,18319.3444
23.6547,0.0000,0.0000,0.0001,23.6546,0.0000,200,18343.1479
21.8264,0.0000,0.0000,0.0001,21.8262,0.0001,200,18366.8026
21.7176,0.0000,0.0000,0.0001,21.7165,0.0010,200,18388.6290
23.6843,0.0000,0.0000,0.0004,23.6835,0.0002,200,18410.3466
23.8273,0.0000,0.0000,0.0001,23.8271,0.0001,200,18434.0309
21.7260,0.0000,0.0000,0.0000,21.7258,0.0001,200,18457.8582
23.8328,0.0000,0.0000,0.0001,23.8326,0.0001,200,18479.5842
23.7000,0.0000,0.0000,0.0001,23.6997,0.0001,200,18503.4170
23.7565,0.0000,0.0000,0.0001,23.7562,0.0001,200,18527.1170
23.4636,0.0000,0.0000,0.0001,23.4634,0.0002,200,18550.8735
23.5662,0.0000,0.0000,0.0001,23.5660,0.0001,200,18574.3372
23.6072,0.0000,0.0000,0.0000,23.6068,0.0002,200,18597.9033
23.6627,0.0000,0.0000,0.0001,23.6624,0.0001,200,18621.5105
23.5901,0.0000,0.0000,0.0001,23.5898,0.0001,200,18645.1732
23.7514,0.0000,0.0000,0.0001,23.7511,0.0001,200,18668.7632
23.6938,0.0000,0.0000,0.0001,23.6935,0.0002,200,18692.5146
21.8314,0.0000,0.0000,0.0001,21.8310,0.0002,200,18716.2084
23.7503,0.0000,0.0000,0.0001,23.7499,0.0002,200,18738.0398
23.7451,0.0000,0.0000,0.0001,23.7448,0.0001,200,18761.7901
21.8063,0.0000,0.0000,0.0001,21.8060,0.0002,200,18785.5353
22.0900,0.0000,0.0000,0.0001,22.0897,0.0002,200,18807.3415
21.6522,0.0000,0.0000,0.0006,21.6506,0.0001,200,18829.4316
21.8475,0.0000,0.0000,0.0001,21.8472,0.0001,200,18851.0838
23.8094,0.0000,0.0000,0.0002,23.8090,0.0001,200,18872.9312
21.8925,0.0000,0.0000,0.0001,21.8923,0.0002,200,18896.7406
21.7786,0.0000,0.0000,0.0001,21.7784,0.0001,200,18918.6332
23.6998,0.0000,0.0000,0.0001,23.6997,0.0001,200,18940.4118
23.7033,0.0000,0.0000,0.0003,23.7024,0.0001,200,18964.1117
23.6008,0.0000,0.0000,0.0001,23.6005,0.0002,200,18987.8149
21.6716,0.0000,0.0000,0.0001,21.6713,0.0001,200,19011.4158
21.7260,0.0000,0.0000,0.0000,21.7258,0.0001,200,19033.0873
23.5368,0.0000,0.0000,0.0001,23.5366,0.0001,200,19054.8134
23.5692,0.0000,0.0000,0.0001,23.5690,0.0001,200,19078.3502
21.6638,0.0000,0.0000,0.0000,21.6637,0.0001,200,19101.9194
23.7089,0.0000,0.0000,0.0000,23.7086,0.0002,200,19123.5833
21.6359,0.0000,0.0000,0.0001,21.6355,0.0002,200,19147.2921
23.7434,0.0000,0.0000,0.0001,23.7431,0.0002,200,19168.9280
21.7919,0.0000,0.0000,0.0001,21.7916,0.0001,200,19192.6714
23.7787,0.0000,0.0000,0.0000,23.7785,0.0001,200,19214.4633
23.7266,0.0000,0.0000,0.0001,23.7264,0.0001,200,19238.2420
23.6815,0.0000,0.0000,0.0002,23.6810,0.0002,200,19261.9687
23.7516,0.0000,0.0000,0.0001,23.7513,0.0001,200,19285.6502
23.5055,0.0000,0.0000,0.0000,23.5052,0.0003,200,19309.4018
23.6691,0.0000,0.0000,0.0001,23.6686,0.0003,200,19332.9074
23.8005,0.0000,0.0000,0.0001,23.7994,0.0010,200,19356.5764
21.8946,0.0000,0.0000,0.0001,21.8942,0.0002,200,19380.3769
21.7056,0.0000,0.0000,0.0001,21.7053,0.0002,200,19402.2716
23.6186,0.0000,0.0000,0.0001,23.6183,0.0002,200,19423.9772
23.9235,0.0000,0.0000,0.0001,23.9233,0.0002,200,19447.5958
23.8006,0.0000,0.0000,0.0001,23.8004,0.0001,200,19471.5193
23.7873,0.0000,0.0000,0.0001,23.7871,0.0001,200,19495.3199
21.8363,0.0000,0.0000,0.0001,21.8360,0.0001,200,19519.1072
23.7857,0.0000,0.0000,0.0000,23.7855,0.0001,200,19540.9435
21.8322,0.0000,0.0000,0.0000,21.8319,0.0002,200,19564.7293
21.9436,0.0000,0.0000,0.0001,21.9433,0.0002,200,19586.5615
23.5351,0.0000,0.0000,0.0000,23.5349,0.0001,200,19608.5051
23.9197,0.0000,0.0000,0.0000,23.9195,0.0001,200,19632.0402
21.7173,0.0000,0.0000,0.0001,21.7171,0.0002,200,19655.9599
21.7256,0.0000,0.0000,0.0001,21.7252,0.0003,200,19677.6773
23.6858,0.0000,0.0000,0.0001,23.6855,0.0002,200,19699.4029
22.0425,0.0000,0.0000,0.0001,22.0421,0.0001,200,19723.0887
23.6976,0.0000,0.0000,0.0001,23.6973,0.0002,200,19745.1312
23.7832,0.0000,0.0000,0.0001,23.7829,0.0001,200,19768.8288
23.7759,0.0000,0.0000,0.0001,23.7756,0.0002,200,19792.6119
23.7569,0.0000,0.0000,0.0001,23.7566,0.0002,200,19816.3878
23.5834,0.0000,0.0000,0.0001,23.5830,0.0003,200,19840.1447
21.8093,0.0000,0.0000,0.0001,21.8091,0.0001,200,19863.7281
23.6301,0.0000,0.0000,0.0001,23.6297,0.0001,200,19885.5375
23.6961,0.0000,0.0000,0.0001,23.6958,0.0002,200,19909.1675
21.7542,0.0000,0.0000,0.0001,21.7539,0.0002,200,19932.8637
23.8861,0.0000,0.0000,0.0001,23.8857,0.0002,200,19954.6178
23.6469,0.0000,0.0000,0.0001,23.6466,0.0001,200,19978.5039
23.6989,0.0000,0.0000,0.0001,23.6985,0.0001,200,20002.1508
21.8004,0.0000,0.0000,0.0000,21.8002,0.0001,200,20025.8497
21.7700,0.0000,0.0000,0.0001,21.7698,0.0001,200,20047.6501
21.8287,0.0000,0.0000,0.0001,21.8284,0.0002,200,20069.4201
21.8371,0.0000,0.0000,0.0001,21.8368,0.0002,200,20091.2488
21.6985,0.0000,0.0000,0.0001,21.6981,0.0002,200,20113.0859
21.7838,0.0000,0.0000,0.0001,21.7835,0.0001,200,20134.7844
21.7440,0.0000,0.0000,0.0001,21.7437,0.0001,200,20156.5682
21.9176,0.0000,0.0000,0.0001,21.9174,0.0001,200,20178.3121
23.7584,0.0000,0.0000,0.0008,23.7568,0.0003,200,20200.2298
23.6815,0.0000,0.0000,0.0001,23.6811,0.0002,200,20223.9882
21.8276,0.0000,0.0000,0.0001,21.8273,0.0002,200,20247.6697
23.8065,0.0000,0.0000,0.0001,23.8063,0.0001,200,20269.4973
23.7278,0.0000,0.0000,0.0001,23.7276,0.0001,200,20293.3039
23.7975,0.0000,0.0000,0.0001,23.7966,0.0007,200,20317.0317
23.7115,0.0000,0.0000,0.0003,23.7107,0.0002,200,20340.8292
21.8632,0.0000,0.0000,0.0001,21.8630,0.0001,200,20364.5407
23.7398,0.0000,0.0000,0.0001,23.7396,0.0001,200,20386.4039
23.5764,0.0000,0.0000,0.0001,23.5761,0.0001,200,20410.1437
21.8816,0.0000,0.0000,0.0001,21.8813,0.0001,200,20433.7201
23.6030,0.0000,0.0000,0.0001,23.6028,0.0001,200,20455.6017
23.7359,0.0000,0.0000,0.0008,23.7349,0.0002,200,20479.2047
23.6680,0.0000,0.0000,0.0001,23.6677,0.0002,200,20502.9407
21.7482,0.0000,0.0000,0.0001,21.7480,0.0001,200,20526.6086
23.6782,0.0000,0.0000,0.0001,23.6777,0.0004,200,20548.3569
23.7176,0.0000,0.0000,0.0001,23.7173,0.0001,200,20572.0351
23.6425,0.0000,0.0000,0.0001,23.6423,0.0001,200,20595.7527
24.2546,0.0000,0.0000,0.0001,24.2544,0.0001,200,20619.3952
3.2014,0.0000,0.0000,0.0001,3.2011,0.0001,200,20643.6498
0.0330,0.0000,0.0000,0.0001,0.0327,0.0001,200,20646.8512
0.0433,0.0000,0.0000,0.0000,0.0431,0.0001,200,20646.8842
0.0573,0.0000,0.0000,0.0001,0.0570,0.0001,200,20646.9274
0.0540,0.0000,0.0000,0.0001,0.0537,0.0003,200,20646.9848
0.0432,0.0000,0.0000,0.0001,0.0429,0.0002,200,20647.0388
0.0547,0.0000,0.0000,0.0001,0.0545,0.0001,200,20647.0821
0.0375,0.0000,0.0000,0.0001,0.0373,0.0001,200,20647.1368
0.0854,0.0000,0.0000,0.0001,0.0852,0.0001,200,20647.1744
0.0418,0.0000,0.0000,0.0001,0.0416,0.0001,200,20647.2598
10.3643,0.0000,0.0000,0.0000,10.3641,0.0001,200,20647.3016
23.0510,0.0000,0.0000,0.0002,23.0504,0.0003,200,20657.6659
21.7911,0.0000,0.0000,0.0001,21.7909,0.0001,200,20680.7168
21.8641,0.0000,0.0000,0.0000,21.8639,0.0001,200,20702.5079
22.1042,0.0000,0.0000,0.0001,22.1039,0.0001,200,20724.3720
21.9805,0.0000,0.0000,0.0001,21.9802,0.0001,200,20746.4762
22.0201,0.0000,0.0000,0.0001,22.0198,0.0002,200,20768.4566
23.6038,0.0000,0.0000,0.0001,23.6035,0.0002,200,20790.4768
23.7558,0.0000,0.0000,0.0001,23.7555,0.0001,200,20814.0806
23.6926,0.0000,0.0000,0.0000,23.6923,0.0001,200,20837.8364
23.7699,0.0000,0.0000,0.0000,23.7696,0.0002,200,20861.5289
21.7755,0.0000,0.0000,0.0001,21.7752,0.0001,200,20885.2989
23.7384,0.0000,0.0000,0.0001,23.7381,0.0001,200,20907.0744
23.7503,0.0000,0.0000,0.0001,23.7500,0.0002,200,20930.8128
21.8463,0.0000,0.0000,0.0001,21.8459,0.0002,200,20954.5631
21.8366,0.0000,0.0000,0.0001,21.8363,0.0001,200,20976.4094
21.7739,0.0000,0.0000,0.0001,21.7737,0.0001,200,20998.2460
